{
  "acceleration": {
    "avg": 0.41568111908251776,
    "max": 9.17927,
    "min": 0
  },
  "de-acceleration": {
    "avg": 0.6206729524295849,
    "max": 9.17925,
    "min": 0
  },
  "driver-id": 116,
  "speed": {
    "avg": 9.296246707086087,
    "max": 43.7365,
    "min": 0
  },
  "success": true,
  "trip-time": {
    "avg": 52.712187812187814,
    "max": 136.75,
    "min": 29.916666666666668
  }
}
