{
  "acceleration": {
    "avg": 0.6058310101707817,
    "max": 42.6566,
    "min": 0
  },
  "de-acceleration": {
    "avg": 1.1537364690730074,
    "max": 85.3132,
    "min": 0
  },
  "speed": {
    "avg": 9.870159042518395,
    "max": 85.3132,
    "min": 0
  },
  "success": true,
  "trip-time": {
    "avg": 54.93485209738699,
    "max": 1039.9833333333331,
    "min": 0
  }
}
